<?xml version="1.0" encoding="UTF-8"?>
<!DOCTYPE mapper PUBLIC "-//mybatis.org//DTD Mapper 3.0//EN" "http://mybatis.org/dtd/mybatis-3-mapper.dtd">
<mapper namespace="com.kwak.miniproject.member.MemberMapper">
	<select id="getMemberById" parameterType="com.kwak.miniproject.member.Member" 
							resultType="com.kwak.miniproject.member.Member">
		select * from member where id = #{id, jdbcType=VARCHAR}
	</select>
	<insert id="join" parameterType="com.kwak.miniproject.member.Member">
		insert into member values(#{id, jdbcType=VARCHAR}, #{pw, jdbcType=VARCHAR}, #{name, jdbcType=VARCHAR}, #{addr, jdbcType=VARCHAR}, #{photo, jdbcType=VARCHAR})
	</insert>
	<delete id="bye" parameterType="com.kwak.miniproject.member.Member">
		delete from member where id = #{id, jdbcType=VARCHAR}	
	</delete>
	<update id="update" parameterType="com.kwak.miniproject.member.Member">
		update member set pw = #{pw, jdbcType=VARCHAR}, name = #{name, jdbcType=VARCHAR}, addr = #{addr, jdbcType=VARCHAR}, photo = #{photo, jdbcType=VARCHAR}
			where id = #{id, jdbcType=VARCHAR}
	</update>
</mapper>